---
'pt-PT':
  countries:
    AC: Ilha de Ascensão
    AD: Andorra
    AE: Emirados Árabes Unidos
    AF: Afeganistão
    AG: Antígua e Barbuda
    AI: Anguila
    AL: Albânia
    AM: Arménia
    AN: Antilhas Neerlandesas (Antilhas Holandesas)
    AO: Angola
    AQ: Antártida
    AR: Argentina
    AS: Samoa Americana
    AT: Áustria
    AU: Austrália
    AW: Aruba
    AX: Alanda (Ilhas de Aland)
    AZ: Azerbaijão
    BA: Bósnia e Herzegovina
    BB: Barbados
    BD: Bangladeche
    BE: Bélgica
    BF: Burquina Faso
    BG: Bulgária
    BH: Bahrein
    BI: Burundi
    BJ: Benim
    BL: São Bartolomeu
    BM: Bermudas
    BN: Brunei
    BO: Bolívia
    BQ: Bonaire, Santo Eustáquio e Saba (Países Baixos Caribenhos)
    BR: Brasil
    BS: Baamas (Bahamas)
    BT: Butão
    BV: Ilha Bouvet
    BW: Botsuana
    BY: Bielorrússia
    BZ: Belize
    CA: Canadá
    CC: Ilhas Cocos (Keeling)
    CD: República Democrática do Congo (Kinshasa)
    CF: República Centro-Africana
    CG: República do Congo (Brazzaville)
    CH: Suíça
    CI: Costa do Marfim
    CK: Ilhas Cook
    CL: Chile
    CM: Camarões
    CN: China
    CO: Colômbia
    CP: Ilha de Clipperton
    CR: Costa Rica
    CU: Cuba
    CV: Cabo Verde
    CW: Curaçau
    CX: Ilha do Natal (Ilha Christmas)
    CY: Chipre
    CZ: Chéquia
    DE: Alemanha
    DG: Diego Garcia
    DJ: Jibuti (Djibouti)
    DK: Dinamarca
    DM: Domínica
    DO: República Dominicana
    DZ: Argélia
    EA: Ceuta e Melilha
    EC: Equador
    EE: Estónia
    EG: Egito
    EH: Sara Ocidental
    ER: Eritreia
    ES: Espanha
    ET: Etiópia
    EU: União Europeia
    FI: Finlândia
    FJ: Fiji
    FK: Ilhas Falkland (Ilhas Malvinas)
    FM: Micronésia
    FO: Ilhas Feroe (Ilhas Faroé)
    FR: França
    GA: Gabão
    GB: Reino Unido
    GD: Granada
    GE: Geórgia
    GF: Guiana Francesa
    GG: Guernesey
    GH: Gana
    GI: Gibraltar
    GL: Gronelândia
    GM: Gâmbia
    GN: Guiné
    GP: Guadalupe
    GQ: Guiné Equatorial
    GR: Grécia
    GS: Ilhas Geórgia do Sul e Sandwich do Sul
    GT: Guatemala
    GU: Guame (Guam ; Guão)
    GW: Guiné-Bissau
    GY: Guiana
    HK: Hong Kong, RAE da China
    HM: Ilha Heard e Ilhas McDonald
    HN: Honduras
    HR: Croácia
    HT: Haiti
    HU: Hungria
    IC: Ilhas Canárias
    ID: Indonésia
    IE: Irlanda
    IL: Israel
    IM: Ilha de Man
    IN: Índia
    IO: Território Britânico do Oceano Índico
    IQ: Iraque
    IR: Irão
    IS: Islândia
    IT: Itália
    JE: Jersey
    JM: Jamaica
    JO: Jordânia
    JP: Japão
    KE: Quénia
    KG: Quirguistão (Quirguizistão)
    KH: Camboja
    KI: Quiribati
    KM: Comores
    KN: São Cristóvão e Nevis
    KP: Coreia do Norte
    KR: Coreia do Sul
    KW: Koweit (Kuwait)
    KY: Ilhas Caimão (Ilhas Cayman)
    KZ: Cazaquistão
    LA: Laos
    LB: Líbano
    LC: Santa Lúcia
    LI: Liechtenstein
    LK: Sri Lanca (Sri Lanka)
    LR: Libéria
    LS: Lesoto
    LT: Lituânia
    LU: Luxemburgo
    LV: Letónia
    LY: Líbia
    MA: Marrocos
    MC: Mónaco
    MD: Moldávia
    ME: Montenegro
    MF: São Martinho
    MG: Madagáscar
    MH: Ilhas Marshall
    MK: Macedónia
    ML: Mali
    MM: Mianmar (Birmânia)
    MN: Mongólia
    MO: Macau, RAE da China
    MP: Ilhas Marianas do Norte
    MQ: Martinica
    MR: Mauritânia
    MS: Monserrate
    MT: Malta
    MU: Maurícia
    MV: Maldivas
    MW: Malavi (Malawi)
    MX: México
    MY: Malásia
    MZ: Moçambique
    NA: Namíbia
    NC: Nova Caledónia
    NE: Níger
    NF: Ilha Norfolk
    NG: Nigéria
    NI: Nicarágua
    NL: Países Baixos
    'NO': Noruega
    NP: Nepal
    NR: Nauru
    NU: Niue
    NZ: Nova Zelândia
    OM: Omã
    PA: Panamá
    PE: Peru
    PF: Polinésia Francesa
    PG: Papua-Nova Guiné
    PH: Filipinas
    PK: Paquistão
    PL: Polónia
    PM: São Pedro e Miquelon
    PN: Ilhas Pitcairn
    PR: Porto Rico
    PS: Territórios Palestinianos
    PT: Portugal
    PW: Palau
    PY: Paraguai
    QA: Qatar
    QO: Oceania Remota
    RE: Reunião
    RO: Roménia
    RS: Sérvia
    RU: Rússia
    RW: Ruanda
    SA: Arábia Saudita
    SB: Ilhas Salomão
    SC: Seicheles (Seychelles)
    SD: Sudão
    SE: Suécia
    SG: Singapura
    SH: Santa Helena
    SI: Eslovénia
    SJ: Svalbard e Jan Mayen
    SK: Eslováquia
    SL: Serra Leoa
    SM: San Marino (São Marinho)
    SN: Senegal
    SO: Somália
    SR: Suriname
    SS: Sudão do Sul
    ST: São Tomé e Príncipe
    SV: Salvador (El Salvador)
    SX: São Martinho
    SY: Síria
    SZ: Essuatíni (Suazilândia)
    TA: Tristão da Cunha
    TC: Ilhas Turcas e Caicos
    TD: Chade
    TF: Territórios Franceses do Sul
    TG: Togo
    TH: Tailândia
    TJ: Tajiquistão
    TK: Toquelau (Tokelau)
    TL: Timor-Leste
    TM: Turquemenistão
    TN: Tunísia
    TO: Tonga
    TR: Turquia
    TT: Trindade e Tobago
    TV: Tuvalu
    TW: Taiwan
    TZ: Tanzânia
    UA: Ucrânia
    UG: Uganda
    UM: Ilhas Menores Afastadas dos Estados Unidos
    US: Estados Unidos
    UY: Uruguai
    UZ: Usbequistão
    VA: Santa Sé / Estado da Cidade do Vaticano
    VC: São Vicente e Granadinas
    VE: Venezuela
    VG: Ilhas Virgens Britânicas
    VI: Ilhas Virgens Americanas
    VN: Vietname
    VU: Vanuatu
    WF: Wallis e Futuna
    WS: Samoa
    XK: Kosovo
    YE: Iémen
    YT: Maiote (Mayotte)
    ZA: África do Sul
    ZM: Zâmbia
    ZW: Zimbábue
